{"pitch": [-2.9170793047299743, 11.3912545369858, 207.63098600266065, 46.7755902509898], "energy": [-1.431044578552246, 8.184337615966797, 37.32621679053779, 26.044180782479252]}